ticker,name,sector,market_cap_category
3KR.ST,Tre Kronor Property Investment AB (publ),Real Estate,Micro Cap
AAA.ST,ArcAroma AB (publ),Industrials,Nano Cap
AAC.ST,AAC Clyde Space AB (publ),Information Technology,Micro Cap
AAK.ST,AAK AB (publ.),Consumer Staples,Mid Cap
ABSO.ST,Absolent Air Care Group AB (publ),Industrials,Small Cap
ACAD.ST,AcadeMedia AB (publ),Consumer Staples,Small Cap
ACARIX.ST,Acarix AB (publ),Health Care,Nano Cap
ACCON.ST,Acconeer AB,Information Technology,Micro Cap
ACE.ST,Ascelia Pharma AB (publ),Health Care,Micro Cap
ACOU.ST,AcouSort AB (publ),Health Care,Nano Cap
ACRI-A.ST,Acrinova AB (publ),Real Estate,Micro Cap
ACTI.ST,Active Biotech AB (publ),Health Care,Nano Cap
ADDERA.ST,AdderaCare AB,Health Care,Nano Cap
ADDT-B.ST,Addtech AB (publ.),Industrials,Mid Cap
ADDV-A.ST,ADDvise Group AB (publ),Health Care,Micro Cap
ADDV-B.ST,ADDvise Group AB (publ),Health Care,Micro Cap
ADVBOX.ST,Adventure Box Technology AB (publ),Communication Services,Nano Cap
ADVE.ST,Advenica AB (publ),Information Technology,Nano Cap
AERO.ST,Svenska Aerogel Holding AB (publ),Materials,Nano Cap
AINO.ST,Aino Health AB (publ),Health Care,Nano Cap
AJA-B.ST,Byggmastare Anders J Ahlstrom Holding AB (publ),Industrials,Micro Cap
AKEL-D.ST,Akelius Residential Property AB (publ),Real Estate,Small Cap
ALCA.ST,Alcadon Group AB (publ),Information Technology,Micro Cap
ALELIO.ST,Alelion Energy Systems AB,Industrials,Nano Cap
ALFA.ST,Alfa Laval AB (publ),Industrials,Large Cap
ALIF-B.ST,AddLife AB (publ),Health Care,Mid Cap
ALIG.ST,Alimak Group AB (publ),Industrials,Small Cap
ALIV-SDB.ST,Autoliv Inc.,Consumer Discretionary,Mid Cap
ALM.ST,ALM Equity AB (publ),Real Estate,Small Cap
ALZ.ST,Alzinova AB,Health Care,Nano Cap
ALZCUR.ST,AlzeCure Pharma AB (publ),Health Care,Nano Cap
AMAST-PREF.ST,Amasten Fastighets AB (publ),Real Estate,Micro Cap
AMAST.ST,Amasten Fastighets AB (publ),Real Estate,Small Cap
AMBEA.ST,Ambea AB (publ),Health Care,Small Cap
ANNE-B.ST,Annehem Fastigheter AB,Real Estate,Micro Cap
ANNX.ST,Annexin Pharmaceuticals AB (publ),Health Care,Nano Cap
ANOD-B.ST,Addnode Group AB (publ),Information Technology,Small Cap
ANOT.ST,Anoto Group AB (publ),Information Technology,Nano Cap
AQ.ST,AQ Group AB (publ),Industrials,Small Cap
ARCANE.ST,Arcane Crypto AB,Financials,Micro Cap
ARCOMA.ST,Arcoma AB,Health Care,Nano Cap
ARCT.ST,Arctic Minerals AB (publ),Materials,Nano Cap
ARISE.ST,Arise AB (publ),Utilities,Micro Cap
ARJO-B.ST,Arjo AB (publ),Health Care,Mid Cap
ASAP.ST,Asarina Pharma AB (publ),Health Care,Nano Cap
ASSA-B.ST,ASSA ABLOY AB (publ),Industrials,Large Cap
ATC1L-535NDS.ST,Atlas Copco AB,Industrials,Large Cap
ATCO-A.ST,Atlas Copco AB,Industrials,Large Cap
ATCO-B.ST,Atlas Copco AB,Industrials,Large Cap
ATIC.ST,Actic Group AB (publ),Consumer Discretionary,Nano Cap
ATORX.ST,Alligator Bioscience AB (publ),Health Care,Micro Cap
ATRLJ-B.ST,Atrium Ljungberg AB (publ),Real Estate,Mid Cap
ATT.ST,Attendo AB (publ),Health Care,Small Cap
ATVEXA-B.ST,Atvexa AB (publ),Consumer Staples,Micro Cap
AUR.ST,Auriant Mining AB (publ),Materials,Micro Cap
AVEN.ST,Avensia AB (publ),Information Technology,Micro Cap
AVT-B.ST,AVTECH Sweden AB (publ),Industrials,Nano Cap
AWRD.ST,Awardit AB (publ),Communication Services,Micro Cap
AXFO.ST,Axfood AB,Consumer Staples,Mid Cap
AXIC-A.ST,aXichem AB,Health Care,Micro Cap
AXOLOT.ST,Axolot Solutions Holding AB (publ),Industrials,Nano Cap
AZA.ST,Avanza Bank Holding AB,Financials,Mid Cap
AZELIO.ST,Azelio AB (publ),Utilities,Small Cap
B3.ST,B3 Consulting Group AB (publ),Information Technology,Micro Cap
BACTI-B.ST,Bactiguard Holding AB (publ),Health Care,Small Cap
BALCO.ST,Balco Group AB,Industrials,Micro Cap
BALD-B.ST,Fastighets AB Balder (publ),Real Estate,Large Cap
BEGR.ST,BE Group AB (publ),Materials,Micro Cap
BEIA-B.ST,Beijer Alma AB (publ),Industrials,Small Cap
BEIJ-B.ST,Beijer Ref AB (publ),Industrials,Mid Cap
BELE.ST,Beijer Electronics Group AB (publ),Information Technology,Micro Cap
BERG-B.ST,Bergman & Beving AB (publ),Industrials,Small Cap
BESQ.ST,Besqab AB (publ),Real Estate,Micro Cap
BETS-B.ST,Betsson AB,Consumer Discretionary,Small Cap
BHG.ST,BHG Group AB (publ),Consumer Discretionary,Mid Cap
BILI-A.ST,Bilia AB (publ),Consumer Discretionary,Small Cap
BILL.ST,BillerudKorsnas AB (publ),Materials,Mid Cap
BIM.ST,BIMobject AB,Information Technology,Micro Cap
BINERO.ST,Binero Group AB (publ),Information Technology,Nano Cap
BINV.ST,BioInvent International AB,Health Care,Small Cap
BIOA-B.ST,BioArctic AB (publ),Health Care,Small Cap
BIOG-B.ST,BioGaia AB (publ),Health Care,Small Cap
BIOGAS.ST,Scandinavian Biogas Fuels International AB (publ),Materials,Micro Cap
BIOS.ST,Bioservo Technologies AB (publ),Health Care,Nano Cap
BIOT.ST,Biotage AB,Health Care,Small Cap
BIOVIC-B.ST,Biovica International AB (publ),Health Care,Micro Cap
BIOWKS.ST,Bio-Works Technologies AB (publ),Health Care,Micro Cap
BMAX.ST,Byggmax Group AB (publ),Industrials,Small Cap
BOAT.ST,Nimbus Group AB (Publ),Consumer Discretionary,Micro Cap
BOL.ST,Boliden AB (publ),Materials,Large Cap
BOMILL.ST,BoMill AB (publ),Industrials,Nano Cap
BONAS.ST,Bonasudden Holding AB (publ),Real Estate,Nano Cap
BONAV-A.ST,Bonava AB (publ),Industrials,Small Cap
BONAV-B.ST,Bonava AB (publ),Industrials,Small Cap
BONG.ST,Bong AB (publ),Consumer Discretionary,Nano Cap
BOOZT.ST,Boozt AB (publ),Consumer Discretionary,Small Cap
BORG.ST,Bjorn Borg AB (publ),Consumer Discretionary,Micro Cap
BOTX.ST,Botnia Exploration Holding AB (publ),Materials,Nano Cap
BOUL.ST,Boule Diagnostics AB (publ),Health Care,Micro Cap
BRAV.ST,Bravida Holding AB (publ),Industrials,Mid Cap
BRE2.ST,Bredband2 i Skandinavien AB (publ),Communication Services,Micro Cap
BRIG.ST,Brighter AB (publ),Health Care,Nano Cap
BRIN-B.ST,Brinova Fastigheter AB (publ),Real Estate,Small Cap
BUFAB.ST,Bufab AB (publ),Industrials,Small Cap
BULTEN.ST,Bulten AB (publ),Consumer Discretionary,Micro Cap
BURE.ST,Bure Equity AB,Financials,Mid Cap
BUSER.ST,Bambuser AB (publ),Information Technology,Small Cap
BYGGP.ST,ByggPartner i Dalarna Holding AB (publ),Industrials,Micro Cap
CAG.ST,CAG Group AB (publ),Information Technology,Micro Cap
CAMX.ST,Camurus AB (publ),Health Care,Small Cap
CANTA.ST,Cantargia AB (publ),Health Care,Micro Cap
CAPAC.ST,Capacent Holding AB (publ),Industrials,Nano Cap
CAST.ST,Castellum AB (publ),Real Estate,Mid Cap
CAT-B.ST,Catella AB (publ),Financials,Micro Cap
CATE.ST,Catena AB (publ),Real Estate,Small Cap
CBTT-B.ST,Christian Berner Tech Trade AB (publ),Industrials,Micro Cap
CCOR-B.ST,Concordia Maritime AB (publ),Industrials,Nano Cap
CDON.ST,CDON AB,Consumer Discretionary,Micro Cap
CE.ST,Cortus Energy AB (publ),Utilities,Micro Cap
CEVI.ST,CellaVision AB (publ),Health Care,Small Cap
CFISH.ST,Crunchfish AB (publ),Information Technology,Micro Cap
CHRO.ST,ChromoGenics AB,Industrials,Nano Cap
CIBUS.ST,Cibus Real Estate AB (publ),Real Estate,Small Cap
CINT.ST,Cint Group AB (publ),Information Technology,Small Cap
CIRCHE.ST,CirChem AB (publ),Industrials,Nano Cap
CLA-B.ST,Cloetta AB (publ),Consumer Staples,Small Cap
CLAS-B.ST,Clas Ohlson AB (publ),Consumer Discretionary,Small Cap
CLAV.ST,Clavister Holding AB (publ.),Information Technology,Nano Cap
CLBIO.ST,Corline Biomedical AB,Health Care,Nano Cap
CLEM.ST,Clemondo Group AB (publ),Consumer Staples,Nano Cap
CLEMO.ST,Clean Motion AB (publ),Consumer Discretionary,Nano Cap
CLIME-B.ST,Climeon AB (publ),Utilities,Micro Cap
CLNK-B.ST,Cellink AB (publ),Health Care,Mid Cap
CLS-B.ST,Clinical Laserthermia Systems AB (publ),Health Care,Nano Cap
CMOTEC-B.ST,Scandinavian ChemoTech AB (publ),Health Care,Nano Cap
CNCJO-B.ST,Concejo AB (publ),Industrials,Micro Cap
COIC.ST,Concentric AB (publ),Industrials,Small Cap
COLL.ST,Collector AB (publ),Financials,Small Cap
CONF.ST,Confidence International AB (publ.),Industrials,Nano Cap
COOR.ST,Coor Service Management Holding AB,Industrials,Small Cap
CORE-A.ST,Corem Property Group AB (publ),Real Estate,Small Cap
CORE-B.ST,Corem Property Group AB (publ),Real Estate,Small Cap
CORE-PREF.ST,Corem Property Group AB (publ),Real Estate,Small Cap
CRAD-B.ST,C-Rad AB (publ),Health Care,Micro Cap
CRED-A.ST,Creades AB,Financials,Small Cap
CTT.ST,CTT Systems AB,Industrials,Micro Cap
CUR.ST,Curando Nordic AB (publ),Health Care,Nano Cap
DEDI.ST,Dedicare AB (publ),Industrials,Micro Cap
DEVP-B.ST,DevPort AB (publ),Information Technology,Nano Cap
DIGN.ST,Dignitana AB (publ.),Health Care,Micro Cap
DIOS.ST,Dios Fastigheter AB (publ),Real Estate,Small Cap
DIST.ST,DistIT AB (publ),Information Technology,Micro Cap
DIVIO-B.ST,Divio Technologies AB (publ),Information Technology,Nano Cap
DLAB.ST,Dlaboratory Sweden AB (publ),Utilities,Nano Cap
DMYD-B.ST,Diamyd Medical AB (publ),Health Care,Micro Cap
DOM.ST,Dometic Group AB,Information Technology,Mid Cap
DOXA.ST,Doxa AB (publ),Health Care,Nano Cap
DRIL.ST,Drillcon AB (publ),Industrials,Micro Cap
DSNO.ST,Desenio Group AB (publ),Consumer Discretionary,Small Cap
DUNI.ST,Duni AB (publ),Consumer Staples,Small Cap
DURC-B.ST,Duroc AB (publ),Industrials,Micro Cap
DUST.ST,Dustin Group AB (publ),Information Technology,Small Cap
EAST.ST,Eastnine AB (publ),Financials,Small Cap
ECC-B.ST,Ecoclime Group AB (publ),Industrials,Micro Cap
ECOWVE.ST,EWPG Holding AB (publ),Utilities,Nano Cap
EFFP.ST,Effnetplattformen AB (publ),Financials,Nano Cap
EG7.ST,Enad Global 7 AB,Communication Services,Small Cap
EGTX.ST,Egetis Therapeutics AB (publ),Health Care,Micro Cap
EKOBOT.ST,Ekobot AB (publ),Industrials,Nano Cap
EKTA-B.ST,Elekta AB (publ),Health Care,Mid Cap
ELAN-B.ST,Elanders AB (publ),Industrials,Small Cap
ELEC.ST,Electra Gruppen AB (publ),Consumer Discretionary,Nano Cap
ELOS-B.ST,Elos Medtech AB (publ),Health Care,Micro Cap
ELTEL.ST,Eltel AB (publ),Industrials,Small Cap
ELUX-A.ST,AB Electrolux (publ),Information Technology,Mid Cap
ELUX-B.ST,AB Electrolux (publ),Information Technology,Mid Cap
EMBELL.ST,Embellence Group AB (publ),Consumer Discretionary,Micro Cap
EMBRAC-B.ST,Embracer Group AB (publ),Communication Services,Large Cap
ENEA.ST,Enea AB (publ),Information Technology,Small Cap
ENRO.ST,Eniro AB (publ),Communication Services,Nano Cap
ENZY.ST,Enzymatica AB,Health Care,Micro Cap
EOLU-B.ST,Eolus Vind AB (publ),Industrials,Small Cap
EOS.ST,EOS Russia,Financials,Nano Cap
EPI-A.ST,Epiroc AB (publ),Industrials,Large Cap
EPI-B.ST,Epiroc AB (publ),Industrials,Large Cap
EPIS-B.ST,Episurf Medical AB (publ),Health Care,Micro Cap
EPRO-B.ST,Electrolux Professional AB (publ),Consumer Discretionary,Small Cap
EQT.ST,EQT AB,Financials,Large Cap
ERIC-A.ST,Telefonaktiebolaget LM Ericsson (publ),Information Technology,Large Cap
ERIC-B.ST,Telefonaktiebolaget LM Ericsson (publ),Information Technology,Large Cap
ERMA.ST,Enorama Pharma AB (publ),Health Care,Nano Cap
ESSITY-A.ST,Essity AB Class B,Consumer Staples,Large Cap
ESSITY-B.ST,Essity AB Class B,Consumer Staples,Large Cap
EURA.ST,Euroafrica Digital Ventures AB (publ),Information Technology,Nano Cap
EVO.ST,Evolution Gaming Group AB (publ),Consumer Discretionary,Large Cap
EWRK.ST,Ework Group AB (publ),Information Technology,Micro Cap
EXS.ST,Exsitec Holding AB,Information Technology,Micro Cap
FABG.ST,Fabege AB (publ),Real Estate,Mid Cap
FAGA.ST,Fantasma Games AB (publ),Communication Services,Nano Cap
FASTAT.ST,Aktiebolaget Fastator (publ),Real Estate,Micro Cap
FEEL.ST,Feelgood Svenska AB (publ),Health Care,Micro Cap
FERRO.ST,Ferroamp Elektronik AB (publ),Industrials,Micro Cap
FG.ST,Fasadgruppen Group AB,Industrials,Small Cap
FING-B.ST,Fingerprint Cards AB,Information Technology,Small Cap
FIRE.ST,Firefly AB (publ),Industrials,Nano Cap
FLEXQ.ST,FlexQube AB (publ),Industrials,Nano Cap
FLUI.ST,Fluicell AB,Health Care,Nano Cap
FMM-B.ST,FM Mattsson Mora Group AB (publ),Industrials,Micro Cap
FNM.ST,Ferronordic AB (publ),Industrials,Small Cap
FNOVA-B.ST,Fortinova Fastigheter AB (Publ),Real Estate,Micro Cap
FOOT-B.ST,Footway Group AB (publ),Consumer Discretionary,Small Cap
FOOT-PREF.ST,Footway Group AB (publ),Consumer Discretionary,Small Cap
FPAR-A.ST,FastPartner AB (publ),Real Estate,Mid Cap
FPAR-D.ST,FastPartner AB (publ),Real Estate,Small Cap
FPAR-PREF.ST,FastPartner AB (publ),Real Estate,Small Cap
FPIP.ST,Formpipe Software AB (publ),Information Technology,Micro Cap
FRACTL.ST,Fractal Gaming Group AB (publ),Information Technology,Micro Cap
FRAM-B.ST,Fram Skandinavien AB,Information Technology,Nano Cap
FREJA.ST,Freja eID Group AB (publ),Information Technology,Nano Cap
FRILL-B.ST,Frill Holding AB (publ),Consumer Staples,Nano Cap
FRISQ.ST,FRISQ Holding AB (publ),Health Care,Nano Cap
G5EN.ST,G5 Entertainment AB,Communication Services,Small Cap
GABA.ST,Gabather AB,Health Care,Nano Cap
GAPW-B.ST,Gapwaves AB (publ),Information Technology,Micro Cap
GARO.ST,Garo Aktiebolag (publ),Industrials,Micro Cap
GBK.ST,Goodbye Kansas Group AB (publ),Communication Services,Nano Cap
GCOR.ST,Gaming Corps AB (publ),Communication Services,Nano Cap
GENI.ST,Generic Sweden AB,Information Technology,Micro Cap
GENO.ST,Genovis AB (publ.),Health Care,Small Cap
GETI-B.ST,Getinge AB,Health Care,Mid Cap
GGEO.ST,Guideline Geo AB (publ),Energy,Nano Cap
GHP.ST,GHP Specialty Care AB (publ),Health Care,Micro Cap
GHUS-B.ST,Gotenehus Group AB (publ),Industrials,Micro Cap
GOMX.ST,GomSpace Group AB,Information Technology,Micro Cap
GPG-PREF.ST,Genova Property Group AB (publ),Real Estate,Small Cap
GPG.ST,Genova Property Group AB (publ),Real Estate,Small Cap
GPX.ST,Gasporox AB (publ),Information Technology,Nano Cap
GPXMED.ST,GPX Medical AB (publ),Health Care,Nano Cap
GREAT.ST,Greater Than AB,Information Technology,Micro Cap
GREEN.ST,Green Landscaping Group AB (publ),Industrials,Small Cap
GRNG.ST,Granges AB (publ),Materials,Small Cap
GUARD.ST,Guard Therapeutics International AB (publ),Health Care,Nano Cap
HANZA.ST,Hanza Holding AB (publ),Information Technology,Micro Cap
HAV-B.ST,Havsfrun Investment AB (publ),Financials,Nano Cap
HDW-B.ST,Hitech & Development Wireless Sweden Holding AB (publ),Information Technology,Nano Cap
HEBA-B.ST,HEBA Fastighets AB (publ),Real Estate,Small Cap
HEGR.ST,Hedera Group AB (publ),Industrials,Nano Cap
HEIM-PREF.ST,Heimstaden AB (publ),Real Estate,Micro Cap
HELIO.ST,Heliospectra AB (publ),Industrials,Nano Cap
HEM.ST,Hemnet Group AB (publ),Communication Services,Mid Cap
HEMC.ST,Hemcheck Sweden AB (publ),Health Care,Nano Cap
HEXA-B.ST,Hexagon AB,Information Technology,Mid Cap
HLDX.ST,Haldex AB (publ),Consumer Discretionary,Small Cap
HM-B.ST,H & M Hennes & Mauritz AB (publ),Consumer Discretionary,Large Cap
HMS.ST,HMS Networks AB (publ),Financials,Micro Cap
HNSA.ST,Hansa Biopharma AB (publ),Health Care,Small Cap
HOFI.ST,Hoist Finance AB,Financials,Small Cap
HOLM-A.ST,Holmen AB (publ),Materials,Mid Cap
HOLM-B.ST,Holmen AB (publ),Materials,Mid Cap
HOVD.ST,Hovding Sverige AB (publ),Consumer Discretionary,Micro Cap
HOYLU.ST,Hoylu AB (publ),Information Technology,Nano Cap
HPOL-B.ST,Hexpol AB Class B,Materials,Mid Cap
HTRO.ST,HEXATRONIC GROUP AB,Information Technology,Small Cap
HUFV-A.ST,Hufvudstaden AB (publ),Real Estate,Mid Cap
HUM.ST,Humana AB (publ),Health Care,Small Cap
HUMBLE.ST,Humble Group AB,Consumer Staples,Small Cap
HUSQ-A.ST,Husqvarna AB Class B,Industrials,Mid Cap
HUSQ-B.ST,Husqvarna AB Class B,Industrials,Mid Cap
IAR-B.ST,IAR Systems Group AB (publ),Information Technology,Micro Cap
IBT-B.ST,Infant Bacterial Therapeutics AB (publ),Health Care,Micro Cap
ICA.ST,ICA Gruppen AB (publ),Consumer Staples,Large Cap
ICO.ST,Iconovo AB (publ),Health Care,Micro Cap
IDOGEN.ST,Idogen AB (publ),Health Care,Nano Cap
IDUN-B.ST,Idun Industrier AB (publ),Financials,Small Cap
IMMNOV.ST,Immunovia AB,Health Care,Micro Cap
IMMU.ST,Immunicum AB (publ),Health Care,Micro Cap
IMPC.ST,Impact Coatings AB,Industrials,Micro Cap
INCOAX.ST,InCoax Networks AB (publ),Financials,Micro Cap
INDEX.ST,InDex Pharmaceuticals Holding AB (publ),Health Care,Micro Cap
INDT.ST,Indutrade AB (publ),Industrials,Mid Cap
INDU-A.ST,AB Industrivarden (publ),Financials,Large Cap
INDU-C.ST,AB Industrivarden (publ),Financials,Large Cap
INFREA.ST,Infrea AB,Financials,Micro Cap
INISS-B.ST,Inission AB (publ),Industrials,Micro Cap
INSP.ST,Insplorion AB (publ),Information Technology,Nano Cap
INSTAL.ST,Instalco AB,Industrials,Small Cap
INTEG-B.ST,Integrum AB (publ),Health Care,Micro Cap
INTRUM.ST,Intrum AB (publ),Financials,Mid Cap
INVAJO.ST,Invajo Technologies AB (publ),Information Technology,Nano Cap
INWI.ST,Inwido AB,Industrials,Small Cap
INZILE.ST,Inzile AB (publ),Consumer Discretionary,Micro Cap
IRIS.ST,Irisity AB (publ),Industrials,Micro Cap
IRLAB-A.ST,IRLAB Therapeutics AB (publ),Health Care,Micro Cap
IRRAS.ST,IRRAS AB (publ),Health Care,Nano Cap
IS.ST,Image Systems AB,Information Technology,Nano Cap
ISOFOL.ST,Isofol Medical AB,Health Care,Micro Cap
ISR.ST,ISR Immune System Regulation Holding AB (publ),Health Care,Nano Cap
ITAB-B.ST,ITAB Shop Concept AB (publ),Industrials,Small Cap
ITECH.ST,I-Tech AB,Health Care,Micro Cap
IVACC.ST,Intervacc AB (publ),Health Care,Small Cap
IVISYS.ST,Ivisys AB (publ),Industrials,Nano Cap
IVSO.ST,INVISIO AB,Information Technology,Small Cap
IZAFE-B.ST,iZafe Group AB (publ),Health Care,Nano Cap
JDT.ST,JonDeTech Sensors AB (publ),Information Technology,Nano Cap
JETPAK.ST,Jetpak Top Holding AB (publ),Industrials,Micro Cap
JLT.ST,JLT Mobile Computers AB (publ),Information Technology,Nano Cap
JM.ST,JM AB,Industrials,Mid Cap
JOMA.ST,John Mattson Fastighetsforetagen AB (publ),Real Estate,Small Cap
K2A-B.ST,K2A Knaust & Andersson Fastigheter AB (publ),Real Estate,Small Cap
K2A-PREF.ST,K2A Knaust & Andersson Fastigheter AB (publ),Real Estate,Nano Cap
KABE-B.ST,KABE Group AB (publ.),Consumer Discretionary,Micro Cap
KAKEL.ST,Kakel Max AB (publ),Materials,Nano Cap
KAPIAB.ST,Kalleback Property Invest AB (publ),Real Estate,Micro Cap
KAR.ST,Karnov Group AB (publ),Consumer Discretionary,Small Cap
KARO.ST,Karo Pharma AB (publ),Health Care,Small Cap
KDEV.ST,Karolinska Development AB (publ),Health Care,Micro Cap
KEBNI-B.ST,KebNi AB (publ),Information Technology,Nano Cap
KENH.ST,Kentima Holding AB (publ),Information Technology,Nano Cap
KFAST-B.ST,K-Fast Holding AB (publ),Real Estate,Micro Cap
KINV-A.ST,Kinnevik AB,Financials,Large Cap
KINV-B.ST,Kinnevik AB,Financials,Large Cap
KLAR.ST,Klaria Pharma Holding AB (publ.),Health Care,Micro Cap
KLED.ST,Kungsleden AB (publ),Real Estate,Mid Cap
KLOV-A.ST,Klovern AB (publ),Real Estate,Small Cap
KLOV-B.ST,Klovern AB (publ),Real Estate,Small Cap
KLOV-PREF.ST,Klovern AB (publ),Real Estate,Small Cap
KNOW.ST,Knowit AB (publ),Information Technology,Small Cap
KONT.ST,Kontigo Care AB (publ),Health Care,Nano Cap
KOPY.ST,Kopy Goldfields AB (publ),Materials,Micro Cap
LAGR-B.ST,Lagercrantz Group AB (publ),Information Technology,Mid Cap
LAMM-B.ST,Lammhults Design Group AB (publ),Consumer Discretionary,Nano Cap
LATO-B.ST,Investment AB Latour (publ),Financials,Large Cap
LCLEAN.ST,LifeClean International AB (publ),Consumer Staples,Nano Cap
LEO.ST,LeoVegas AB (publ),Communication Services,Small Cap
LEX.ST,The Lexington Company AB (publ),Consumer Discretionary,Nano Cap
LIAB.ST,Lindab International AB,Industrials,Small Cap
LIDDS.ST,LIDDS AB (publ),Health Care,Nano Cap
LIFCO-B.ST,Lifco AB (publ),Industrials,Small Cap
LIME.ST,Lime Technologies AB,Information Technology,Small Cap
LIPI.ST,Lipidor AB,Health Care,Nano Cap
LIPUM.ST,Lipum AB (publ),Health Care,Nano Cap
LITI.ST,Litium AB (publ),Information Technology,Nano Cap
LIVI.ST,Liv ihop AB (publ),Industrials,Nano Cap
LMKG.ST,LMK Group AB (publ),Consumer Staples,Micro Cap
LOG.ST,Logistea AB (publ),Real Estate,Nano Cap
LOHILO.ST,Lohilo Foods Ab (Publ),Consumer Staples,Micro Cap
LOOMIS.ST,Loomis AB,Industrials,Mid Cap
LPGO.ST,Lipigon Pharmaceuticals AB,Health Care,Nano Cap
LUND-B.ST,L E Lundbergforetagen AB (publ),Financials,Large Cap
LUNE.ST,Lundin Energy AB (publ),Energy,Mid Cap
LXB.ST,Luxbright AB (publ),Health Care,Nano Cap
LYKO-A.ST,Lyko Group AB (publ),Consumer Staples,Small Cap
MACK-B.ST,Mackmyra Svensk Whisky AB (publ),Consumer Staples,Nano Cap
MAG.ST,Magnolia Bostad AB (publ),Real Estate,Micro Cap
MAGI.ST,MAG Interactive AB (publ),Communication Services,Micro Cap
MAGLE.ST,Magle Chemoswed Holding AB (publ),Health Care,Nano Cap
MAHA-A.ST,Maha Energy AB (publ),Energy,Micro Cap
MANG.ST,Mangold Fondkommission AB,Financials,Micro Cap
MANTEX.ST,Mantex AB (publ),Industrials,Nano Cap
MAV.ST,Mavshack AB (publ),Communication Services,Nano Cap
MAXF.ST,MaxFastigheter i Sverige AB (publ),Real Estate,Micro Cap
MCAP.ST,MedCap AB (publ),Financials,Small Cap
MCOV-B.ST,Medicover AB (publ),Health Care,Mid Cap
ME.ST,Modern Ekonomi Sverige Holding AB (publ),Industrials,Nano Cap
MEAB-B.ST,Malmbergs Elektriska AB (publ),Information Technology,Micro Cap
MEKO.ST,Mekonomen AB (publ),Industrials,Small Cap
MIDS.ST,Midsummer AB,Information Technology,Micro Cap
MIDW-A.ST,Midway Holding AB (publ),Industrials,Micro Cap
MIDW-B.ST,Midway Holding AB (publ),Industrials,Micro Cap
MINEST.ST,Minesto AB,Utilities,Micro Cap
MIPS.ST,MIPS AB (publ),Consumer Discretionary,Small Cap
MISE.ST,Misen Energy AB (publ),Energy,Nano Cap
MMGR-B.ST,Momentum Group AB (publ),Industrials,Small Cap
MNTC.ST,Mentice AB (publ),Health Care,Micro Cap
MOB.ST,Moberg Pharma AB (publ),Health Care,Nano Cap
MOBA.ST,M.O.B.A. Network AB,Financials,Micro Cap
MOMENT.ST,Moment Group AB,Communication Services,Nano Cap
MSAB-B.ST,Micro Systemation AB (publ),Information Technology,Micro Cap
MSON-A.ST,Midsona AB (publ),Consumer Staples,Small Cap
MSON-B.ST,Midsona AB (publ),Consumer Staples,Small Cap
MTRS.ST,Munters Group AB (publ),Industrials,Small Cap
MULQ.ST,MultiQ International AB (publ),Information Technology,Nano Cap
MVIR-B.ST,Medivir AB (publ),Health Care,Micro Cap
MYCR.ST,Mycronic AB (publ),Information Technology,Mid Cap
MYFC.ST,myFC Holding AB (publ),Industrials,Nano Cap
NANEXA.ST,Nanexa AB (publ),Health Care,Nano Cap
NAXS.ST,NAXS AB (publ),Financials,Micro Cap
NCAB.ST,NCAB Group AB (publ),Information Technology,Small Cap
NCC-B.ST,NCC AB (publ),Industrials,Small Cap
NELLY.ST,Nelly Group AB (publ),Consumer Discretionary,Micro Cap
NENT-A.ST,Nordic Entertainment Group AB (publ),Communication Services,Mid Cap
NENT-B.ST,Nordic Entertainment Group AB (publ),Communication Services,Mid Cap
NEPA.ST,Nepa AB (publ),Industrials,Micro Cap
NETI-B.ST,Net Insight AB (publ),Information Technology,Micro Cap
NETM-B.ST,Netmore Group AB (publ),Communication Services,Nano Cap
NEWA-B.ST,New Wave Group AB (publ),Consumer Discretionary,Small Cap
NEWTON.ST,Newton Nordic AB,Information Technology,Nano Cap
NEXAM.ST,Nexam Chemical Holding AB (publ),Materials,Micro Cap
NFGAB.ST,Nordic Flanges Group AB (publ),Industrials,Nano Cap
NGS.ST,NGS Group AB (publ),Industrials,Nano Cap
NIBE-B.ST,NIBE Industrier AB Class B,Industrials,Mid Cap
NICO.ST,Nicoccino Holding AB (publ),Consumer Staples,Nano Cap
NIL-B.ST,Nilorngruppen AB,Consumer Discretionary,Micro Cap
NILAR.ST,Nilar International AB,Information Technology,Micro Cap
NILS.ST,Nilsson Special Vehicles AB (publ),Consumer Discretionary,Nano Cap
NIO.ST,Nordic Iron Ore AB (publ),Materials,Nano Cap
NMAN.ST,Nederman Holding AB (publ),Industrials,Small Cap
NNH.ST,New Nordic Healthbrands AB (publ),Consumer Staples,Micro Cap
NOBI.ST,Nobia AB (publ),Consumer Discretionary,Small Cap
NOBINA.ST,Nobina AB (publ),Industrials,Small Cap
NOLA-B.ST,Nolato AB (publ),Industrials,Micro Cap
NORDIG.ST,Nord Insuretech Group AB,Information Technology,Nano Cap
NOTE.ST,NOTE AB (publ),Information Technology,Small Cap
NP3-PREF.ST,NP3 Fastigheter AB (publ),Real Estate,Small Cap
NP3.ST,NP3 Fastigheter AB (publ),Real Estate,Small Cap
NPAPER.ST,Nordic Paper Holding AB,Materials,Small Cap
NTEK-B.ST,Novotek AB,Information Technology,Micro Cap
NXTCL.ST,NextCell Pharma AB,Health Care,Micro Cap
NYF.ST,Nyfosa AB (publ),Real Estate,Mid Cap
NYTTO.ST,Svenska Nyttobostader AB (publ),Real Estate,Small Cap
OASM.ST,Oasmia Pharmaceutical AB (publ),Health Care,Micro Cap
OBAB.ST,Online Brands Nordic AB (publ),Consumer Discretionary,Nano Cap
ODD.ST,Odd Molly International AB (publ),Consumer Discretionary,Micro Cap
OEM-B.ST,OEM International AB (publ),Industrials,Small Cap
OFFHUS.ST,Offentliga Hus i Norden AB (publ),Real Estate,Small Cap
ONCO.ST,Oncopeptides AB,Health Care,Small Cap
ONCOZ.ST,OncoZenge AB (publ),Health Care,Nano Cap
OP-PREF.ST,Oscar Properties Holding AB (publ),Industrials,Micro Cap
OP-PREFB.ST,Oscar Properties Holding AB (publ),Industrials,Nano Cap
OP.ST,Oscar Properties Holding AB (publ),Industrials,Micro Cap
OPTI.ST,OptiFreeze AB (publ),Industrials,Micro Cap
ORES.ST,Investment AB √ñresund (publ),Financials,Small Cap
ORGC.ST,OrganoClick AB,Materials,Micro Cap
ORTI-A.ST,Ortivus AB (publ),Health Care,Nano Cap
ORTI-B.ST,Ortivus AB (publ),Health Care,Nano Cap
ORX.ST,Orexo AB (publ),Health Care,Micro Cap
OSSD.ST,OssDsign AB,Health Care,Nano Cap
OVZON.ST,Ovzon AB (publ),Communication Services,Small Cap
OXE.ST,OXE Marine AB (publ),Consumer Discretionary,Micro Cap
PACT.ST,Proact IT Group AB (publ),Information Technology,Micro Cap
PAPI.ST,Papilly AB (publ),Health Care,Nano Cap
PAX.ST,Paxman AB (publ),Health Care,Micro Cap
PCELL.ST,PowerCell Sweden AB,Industrials,Small Cap
PCOM-B.ST,Precomp Solutions AB (publ),Industrials,Nano Cap
PDX.ST,Paradox Interactive AB,Communication Services,Small Cap
PEAB-B.ST,Peab AB (publ),Industrials,Mid Cap
PEGRO-PREF.ST,Pegroco Invest AB (publ),Financials,Small Cap
PENG-B.ST,Projektengagemang Sweden AB (publ),Industrials,Micro Cap
PHARM.ST,Pharmiva AB (publ),Health Care,Nano Cap
PIERCE.ST,Pierce Group AB (publ),Consumer Discretionary,Small Cap
PIEZO.ST,PiezoMotor Uppsala AB (publ),Information Technology,Micro Cap
PLAZ-B.ST,Platzer Fastigheter Holding AB (publ),Real Estate,Small Cap
PLEJD.ST,Plejd AB,Information Technology,Small Cap
PLEX.ST,Plexian AB (publ),Information Technology,Nano Cap
PLUN.ST,ProstaLund AB (publ),Health Care,Nano Cap
PNDX-B.ST,Pandox AB (publ),Consumer Discretionary,Mid Cap
POLY.ST,Polyplank AB (publ),Industrials,Nano Cap
POLYG.ST,Polygiene AB (publ.),Materials,Micro Cap
PREC.ST,Precise Biometrics AB (publ),Industrials,Micro Cap
PREV-B.ST,Prevas AB,Information Technology,Micro Cap
PRIC-B.ST,Pricer AB (publ),Industrials,Small Cap
PROF-B.ST,ProfilGruppen AB (publ),Industrials,Micro Cap
PROGEN.ST,Prostatype Genomics AB (publ),Health Care,Nano Cap
PROMO.ST,Promore Pharma AB (publ),Health Care,Nano Cap
PTRK.ST,Physitrack PLC,Health Care,Micro Cap
QAIR.ST,QleanAir Holding AB (publ),Industrials,Micro Cap
QIIWI.ST,Qiiwi Games AB (publ),Communication Services,Nano Cap
QLIFE.ST,Qlife Holding AB (publ),Health Care,Micro Cap
QLINEA.ST,Q-linea AB (publ),Health Care,Small Cap
QLIRO.ST,Qliro AB (publ),Financials,Micro Cap
RAIL.ST,Railcare Group AB (publ),Industrials,Micro Cap
RATO-A.ST,Ratos AB (publ),Financials,Mid Cap
RATO-B.ST,Ratos AB (publ),Financials,Mid Cap
RAY-B.ST,RaySearch Laboratories AB Class B,Health Care,Small Cap
READ.ST,Readly International AB (publ),Communication Services,Micro Cap
REDW.ST,Redwood Pharma AB,Health Care,Nano Cap
REJL-B.ST,Rejlers AB (publ),Industrials,Small Cap
RENEW.ST,Re:NewCell AB (publ),Consumer Discretionary,Small Cap
RESURS.ST,Resurs Holding AB (publ),Financials,Small Cap
RIZZO-B.ST,Rizzo Group AB (publ),Consumer Discretionary,Nano Cap
RLS.ST,RLS Global AB (publ),Health Care,Nano Cap
RNBS.ST,RNB Retail and Brands AB (publ),Consumer Discretionary,Nano Cap
RO.ST,Rolling Optics Holding AB (publ),Information Technology,Micro Cap
RPLAN.ST,Ranplan Group AB,Information Technology,Nano Cap
RROS.ST,Rottneros AB,Materials,Micro Cap
RUG.ST,Rugvista Group AB (publ),Consumer Discretionary,Small Cap
S2M.ST,S2Medical AB (publ),Health Care,Nano Cap
SAAB-B.ST,Saab AB (publ),Industrials,Mid Cap
SAGA-A.ST,AB Sagax (publ),Real Estate,Mid Cap
SAGA-B.ST,AB Sagax (publ),Real Estate,Mid Cap
SAGA-D.ST,AB Sagax (publ),Real Estate,Mid Cap
SALT-B.ST,SaltX Technology Holding AB,Industrials,Nano Cap
SAND.ST,Sandvik AB (publ),Industrials,Large Cap
SAS.ST,SAS AB (publ),Industrials,Small Cap
SAVE.ST,Nordnet AB,Financials,Mid Cap
SAXG.ST,Saxlund Group AB,Industrials,Nano Cap
SBB-B.ST,Samhallsbyggnadsbolaget i Norden AB (publ),Real Estate,Mid Cap
SBB-D.ST,Samhallsbyggnadsbolaget i Norden AB (publ),Real Estate,Mid Cap
SBOK.ST,ScandBook Holding AB (publ),Industrials,Nano Cap
SCA-A.ST,Svenska Cellulosa AB SCA Class B,Materials,Large Cap
SCA-B.ST,Svenska Cellulosa AB SCA Class B,Materials,Large Cap
SCIB.ST,SciBase Holding AB,Health Care,Nano Cap
SCOUT.ST,Scout Gaming Group AB (publ),Communication Services,Micro Cap
SCST.ST,Scandi Standard AB (publ),Consumer Staples,Small Cap
SDIP-B.ST,Sdiptech AB (publ),Industrials,Small Cap
SDIP-PREF.ST,Sdiptech AB (publ),Industrials,Small Cap
SDOS.ST,ScandiDos AB (publ),Health Care,Nano Cap
SDS.ST,Seamless Distribution Systems AB (publ),Information Technology,Nano Cap
SEAF.ST,Seafire AB (publ),Financials,Nano Cap
SEB-A.ST,Skandinaviska Enskilda Banken AB Class A,Financials,Large Cap
SEB-C.ST,Skandinaviska Enskilda Banken AB Class A,Financials,Large Cap
SECARE.ST,Swedencare AB (publ),Health Care,Micro Cap
SECI.ST,SECITS Holding AB (publ),Information Technology,Nano Cap
SECS.ST,Sensec Holding AB (publ),Industrials,Nano Cap
SECT-B.ST,Sectra AB (publ),Health Care,Mid Cap
SECU-B.ST,Securitas AB,Industrials,Mid Cap
SEDANA.ST,Sedana Medical AB (publ),Health Care,Micro Cap
SEMC.ST,Semcon AB (publ),Industrials,Micro Cap
SENS.ST,Sensys Gatso Group AB (publ),Industrials,Micro Cap
SENZA.ST,SenzaGen AB,Health Care,Nano Cap
SERT.ST,Serstech AB,Materials,Nano Cap
SES.ST,Scandinavian Enviro Systems AB,Industrials,Micro Cap
SEYE.ST,Smart Eye AB,Information Technology,Small Cap
SEZI.ST,Senzime AB (publ),Health Care,Micro Cap
SF.ST,Stillfront Group AB,Communication Services,Mid Cap
SFAST.ST,Stenhus Fastigheter i Norden AB (publ),Real Estate,Micro Cap
SFTR.ST,Safeture AB (publ),Information Technology,Nano Cap
SHB-A.ST,Svenska Handelsbanken AB (publ),Financials,Large Cap
SHB-B.ST,Svenska Handelsbanken AB (publ),Financials,Large Cap
SHOT.ST,Scandic Hotels Group AB,Consumer Discretionary,Small Cap
SIGN-B.ST,Signatur Fastigheter AB (publ),Real Estate,Micro Cap
SIMRIS-B.ST,Simris Alg AB (publ),Health Care,Nano Cap
SINCH.ST,Sinch AB (publ),Communication Services,Large Cap
SINT.ST,SinterCast AB (publ),Industrials,Micro Cap
SIVE.ST,Sivers Semiconductors AB,Information Technology,Small Cap
SJR-B.ST,SJR in Scandinavia AB (publ),Industrials,Nano Cap
SKA-B.ST,Skanska AB (publ),Industrials,Large Cap
SKF-B.ST,AB SKF (publ),Industrials,Large Cap
SKIS-B.ST,SkiStar AB (publ),Consumer Discretionary,Small Cap
SKMO.ST,Sk√•ne-mollan AB (publ),Consumer Staples,Micro Cap
SLITE.ST,Slitevind AB,Utilities,Micro Cap
SOBI.ST,Swedish Orphan Biovitrum AB,Health Care,Mid Cap
SOF-B.ST,Softronic AB,Information Technology,Micro Cap
SOLNA.ST,Solnaberg Property AB (publ),Real Estate,Micro Cap
SOLT.ST,SolTech Energy Sweden AB (publ),Information Technology,Micro Cap
SPAGO.ST,Spago Nanomedical AB (publ),Health Care,Nano Cap
SPEC.ST,SpectraCure AB (publ),Health Care,Micro Cap
SPIFF.ST,Spiffbet AB,Communication Services,Nano Cap
SPRINT.ST,Sprint Bioscience AB,Health Care,Nano Cap
SRNKE-B.ST,Serneke Group AB (publ),Industrials,Micro Cap
SSAB-A.ST,SSAB AB (publ),Materials,Mid Cap
SSAB-B.ST,SSAB AB (publ),Materials,Mid Cap
STABL.ST,Stayble Therapeutics AB (publ),Health Care,Nano Cap
STAR-A.ST,Starbreeze AB,Communication Services,Micro Cap
STAR-B.ST,Starbreeze AB,Communication Services,Micro Cap
STEF-B.ST,Stendorren Fastigheter AB (publ),Real Estate,Small Cap
STIL.ST,Stille AB,Health Care,Micro Cap
STORY-B.ST,Storytel AB,Communication Services,Small Cap
STRAX.ST,Strax AB (publ),Information Technology,Micro Cap
STRLNG.ST,Swedish Stirling AB (publ),Industrials,Micro Cap
STUDBO.ST,Studentbostader i Norden AB (publ),Industrials,Micro Cap
STW.ST,SeaTwirl AB (publ),Industrials,Nano Cap
STWK.ST,Stockwik Forvaltning AB (publ),Financials,Micro Cap
SUS.ST,Surgical Science Sweden AB (publ),Health Care,Small Cap
SVED-B.ST,Svedbergs i Dalstorp AB (publ),Industrials,Micro Cap
SVIK.ST,Studsvik AB (publ),Industrials,Micro Cap
SVOL-A.ST,Svolder AB (publ),Financials,Small Cap
SVOL-B.ST,Svolder AB (publ),Financials,Small Cap
SWEC-A.ST,Sweco AB (publ),Industrials,Mid Cap
SWEC-B.ST,Sweco AB (publ),Industrials,Mid Cap
SWED-A.ST,Swedbank AB (publ),Financials,Large Cap
SWMA.ST,Swedish Match AB (publ),Consumer Staples,Large Cap
SYSR.ST,Systemair AB (publ),Industrials,Small Cap
TAGM-B.ST,TagMaster AB (publ),Information Technology,Small Cap
TANGI.ST,Tangiamo Touch Technology AB (publ),Consumer Discretionary,Nano Cap
TCT.ST,TC TECH Sweden AB (publ),Industrials,Nano Cap
TEL2-A.ST,Tele2 AB (publ),Communication Services,Mid Cap
TEL2-B.ST,Tele2 AB (publ),Communication Services,Mid Cap
TELIA.ST,Telia Company AB (publ),Communication Services,Large Cap
TELLUS.ST,Tellusgruppen AB (publ),Consumer Staples,Nano Cap
TEQ.ST,Teqnion AB (publ),Industrials,Micro Cap
TERRNT-B.ST,TerraNet Holding AB (publ),Information Technology,Micro Cap
TFBANK.ST,TF Bank AB (publ),Financials,Small Cap
THULE.ST,Thule Group AB (publ),Consumer Discretionary,Mid Cap
THUNDR.ST,Thunderful Group AB,Communication Services,Small Cap
TOBII.ST,Tobii AB (publ),Information Technology,Small Cap
TOL.ST,Toleranzia AB,Health Care,Nano Cap
TORSAB.ST,Torslanda Property Investment AB (publ),Real Estate,Micro Cap
TOURN.ST,Tourn International AB (publ),Communication Services,Nano Cap
TRAC-B.ST,AB Traction,Financials,Small Cap
TRAD.ST,TradeDoubler AB (publ),Communication Services,Nano Cap
TRANS.ST,Transtema Group AB,Communication Services,Micro Cap
TREL-B.ST,Trelleborg AB Class B,Industrials,Mid Cap
TRG.ST,Transcendent Group AB (publ),Industrials,Nano Cap
TRIAN-B.ST,Fastighets AB Trianon (publ),Real Estate,Small Cap
TRIBO-B.ST,Triboron International AB (publ),Materials,Nano Cap
TROAX.ST,Troax Group AB (publ),Industrials,Small Cap
TSEC.ST,Tempest Security AB (publ),Industrials,Nano Cap
UNIBAP.ST,Unibap AB (publ),Information Technology,Nano Cap
UPSALE.ST,Upsales Technology AB (publ),Information Technology,Micro Cap
URBIT.ST,Urb-it AB (publ),Information Technology,Micro Cap
UTG.ST,Unlimited Travel Group UTG AB (publ),Consumer Discretionary,Nano Cap
VBG-B.ST,VBG Group AB (publ),Consumer Discretionary,Small Cap
VERT-B.ST,Vertiseit AB (publ),Information Technology,Nano Cap
VICO.ST,Vicore Pharma Holding AB (publ),Health Care,Micro Cap
VIT-B.ST,Vitec Software Group AB (publ),Information Technology,Small Cap
VITR.ST,Vitrolife AB,Health Care,Mid Cap
VNV.ST,VNV Global AB (publ),Financials,Small Cap
VOLAB.ST,Veg of Lund AB (publ),Consumer Staples,Nano Cap
VOLO-PREF.ST,Volati AB,Industrials,Small Cap
VOLO.ST,Volati AB,Industrials,Small Cap
VOLV-A.ST,AB Volvo (publ),Industrials,Large Cap
VOLV-B.ST,AB Volvo (publ),Industrials,Large Cap
VSSAB-B.ST,Viking Supply Ships AB (publ),Industrials,Nano Cap
WALL-B.ST,Wallenstam AB (publ),Real Estate,Mid Cap
WAYS.ST,Waystream Holding AB (publ),Information Technology,Nano Cap
WBGR-B.ST,Wastbygg Gruppen AB (publ),Industrials,Small Cap
WESC.ST,WeSC AB (publ),Consumer Discretionary,Micro Cap
WIHL.ST,Wihlborgs Fastigheter AB,Real Estate,Mid Cap
WISE.ST,Wise Group AB (publ),Industrials,Nano Cap
WPAY.ST,Westpay AB,Information Technology,Nano Cap
XANO-B.ST,XANO Industri AB (publ),Industrials,Small Cap
XBRANE.ST,Xbrane Biopharma AB,Health Care,Small Cap
XINT.ST,Xintela AB (publ),Health Care,Nano Cap
XMR.ST,XMReality AB (publ),Information Technology,Nano Cap
XSPRAY.ST,Xspray Pharma AB (publ),Health Care,Micro Cap
XVIVO.ST,Xvivo Perfusion AB,Health Care,Small Cap
YAYTRD.ST,Ytrade Group AB (publ),Consumer Discretionary,Nano Cap
ZAPLOX.ST,Zaplox AB,Information Technology,Nano Cap
ZETA.ST,ZetaDisplay AB (publ),Communication Services,Micro Cap
ZICC.ST,Ziccum AB,Health Care,Nano Cap
ZIGN.ST,ZignSec AB (publ),Industrials,Micro Cap
ZZ-B.ST,Zinzino Holding AB,Consumer Staples,Micro Cap
